,City,Latitude,Longitude,Max Temp,Humidity,Cloudiness,Wind Speed,Country,Date
0,Nuuk,64.1835,-51.7216,3.34,32,20,0.0,GL,1634582241
1,Mapiripán,2.8892,-72.1256,30.34,64,51,2.31,CO,1634582242
2,Acapulco de Juárez,16.8634,-99.8901,29.9,74,90,2.06,MX,1634582201
3,Flinders,-34.5833,150.8552,16.88,78,100,0.89,AU,1634582242
4,Cayenne,4.9333,-52.3333,30.02,79,40,2.68,GF,1634582242
5,Kruisfontein,-34.0033,24.7314,11.6,66,0,1.94,ZA,1634582243
6,Mataura,-46.1927,168.8643,6.47,99,100,2.07,NZ,1634582243
7,Puerto Ayora,-0.7393,-90.3518,25.98,80,79,4.42,EC,1634582243
8,Sitka,57.0531,-135.33,8.94,46,75,7.72,US,1634582244
9,Faanui,-16.4833,-151.75,26.56,79,98,6.89,PF,1634582244
10,Ushuaia,-54.8,-68.3,12.79,57,40,13.89,AR,1634582244
11,Port Elizabeth,-33.918,25.5701,13.16,82,20,0.0,ZA,1634582068
12,Atuona,-9.8,-139.0333,25.51,76,62,9.48,PF,1634582245
13,Vostok,46.4856,135.8833,-6.87,99,99,0.57,RU,1634582245
14,Sosnovo-Ozerskoye,52.5249,111.5418,-4.68,76,12,2.91,RU,1634582245
15,Mount Isa,-20.7333,139.5,22.87,43,53,0.51,AU,1634582246
16,Hobart,-42.8794,147.3294,8.92,86,90,1.79,AU,1634582246
17,Adrar,20.5022,-10.0711,31.65,11,100,3.64,MR,1634582247
18,Asmara,15.3333,38.9333,16.49,27,0,3.09,ER,1634582247
19,Chui,-33.6971,-53.4616,17.04,73,44,3.62,UY,1634582247
20,Anadyr,64.75,177.4833,0.28,93,90,16.99,RU,1634582248
21,Yulara,-25.2406,130.9889,23.91,23,94,2.06,AU,1634582248
22,Ahipara,-35.1667,173.1667,14.25,89,71,1.0,NZ,1634582248
23,Rikitea,-23.1203,-134.9692,23.96,71,6,8.22,PF,1634582249
24,Bredasdorp,-34.5322,20.0403,12.38,72,0,1.73,ZA,1634582067
25,Borba,-4.3878,-59.5939,30.8,52,63,1.55,BR,1634582249
26,Lebu,-37.6167,-73.65,13.8,70,0,8.4,CL,1634582250
27,Ulaangom,49.9811,92.0667,0.41,71,15,0.78,MN,1634582250
28,Livadiya,42.8692,132.6764,4.52,88,100,5.18,RU,1634582250
29,Parrita,9.5201,-84.3225,30.29,72,70,3.18,CR,1634581964
30,Port Alfred,-33.5906,26.891,14.13,65,0,1.73,ZA,1634582251
31,Chokurdakh,70.6333,147.9167,-25.66,100,97,2.16,RU,1634582251
32,Bajil,15.0584,43.2851,31.6,52,0,1.78,YE,1634582251
33,Saint Paul Harbor,57.79,-152.4072,7.73,76,90,9.26,US,1634582252
34,Charters Towers,-20.1,146.2667,20.35,83,0,2.22,AU,1634582252
35,Provideniya,64.3833,-173.3,-2.19,78,100,12.12,RU,1634582252
36,George Town,5.4112,100.3354,28.27,85,20,0.0,MY,1634581599
37,Mahébourg,-20.4081,57.7,23.47,78,75,5.66,MU,1634582253
38,Shellbrook,53.2168,-106.4011,9.57,56,35,8.31,CA,1634582253
39,Port Hardy,50.6996,-127.4199,7.1,87,75,4.12,CA,1634582254
40,Khatanga,71.9667,102.5,-1.17,98,100,4.19,RU,1634582254
41,Zyryanka,65.75,150.85,-15.19,91,87,4.29,RU,1634582255
42,Lompoc,34.6391,-120.4579,21.12,45,1,3.6,US,1634582255
43,Cape Town,-33.9258,18.4232,15.62,64,0,2.24,ZA,1634582213
44,Busselton,-33.65,115.3333,15.02,83,100,7.15,AU,1634582256
45,Muros,42.7762,-9.0603,21.03,86,35,2.89,ES,1634582256
46,Meulaboh,4.1363,96.1285,25.75,84,100,1.42,ID,1634582256
47,Saldanha,-33.0117,17.9442,15.03,74,3,9.11,ZA,1634582257
48,Coquimbo,-29.9533,-71.3436,15.85,72,40,7.2,CL,1634582257
49,Salta,-24.7859,-65.4117,19.16,52,75,3.6,AR,1634582001
50,Punta Arenas,-53.15,-70.9167,13.06,41,20,13.38,CL,1634582040
51,Carupano,10.6678,-63.2585,30.28,67,16,4.94,VE,1634582258
52,Vardø,70.3705,31.1107,1.99,69,75,10.8,NO,1634582258
53,Udachny,66.4167,112.4,-0.71,89,100,4.21,RU,1634582259
54,Barrow,71.2906,-156.7887,-8.99,67,90,4.12,US,1634582259
55,Lagoa,39.05,-27.9833,20.29,75,3,10.39,PT,1634582259
56,Trairi,-3.2778,-39.2689,29.04,64,11,6.34,BR,1634582156
57,Te Anau,-45.4167,167.7167,9.54,87,100,2.09,NZ,1634582260
58,Vaini,-21.2,-175.2,23.09,88,40,4.12,TO,1634582260
59,Antofagasta,-23.65,-70.4,19.56,54,28,4.04,CL,1634581993
60,Albany,42.6001,-73.9662,11.76,71,74,0.89,US,1634582151
61,San Patricio,28.017,-97.5169,27.23,47,0,4.37,US,1634582261
62,Bystryy Istok,52.371,84.3873,3.16,73,0,1.07,RU,1634582261
63,Mehrān,33.1222,46.1646,21.71,33,0,4.55,IR,1634582261
64,Chebarkul',54.9749,60.3633,9.21,47,100,4.43,RU,1634582262
65,Ponta do Sol,32.6667,-17.1,23.4,42,100,1.33,PT,1634582262
66,Arraial do Cabo,-22.9661,-42.0278,22.92,78,75,5.14,BR,1634582262
67,Mubi,10.2676,13.2644,25.56,73,87,1.85,NG,1634582263
68,Magadan,59.5667,150.8,-11.5,59,2,3.28,RU,1634582263
69,Balezino,57.9796,53.0106,7.26,93,100,3.97,RU,1634582264
70,Henties Bay,-22.116,14.2845,14.92,70,100,3.58,NA,1634582264
71,Nampa,43.5407,-116.5635,17.84,43,1,2.06,US,1634582002
72,Lopukhiv,48.3653,23.9638,5.58,93,97,0.57,UA,1634582265
73,Tuktoyaktuk,69.4541,-133.0374,-6.0,93,90,5.66,CA,1634582265
74,Beberibe,-4.1797,-38.1306,30.02,67,61,5.51,BR,1634582265
75,Severo-Kuril'sk,50.6789,156.125,3.33,72,88,9.05,RU,1634582266
76,East London,-33.0153,27.9116,12.52,76,0,1.03,ZA,1634582266
77,Palauig,15.435,119.9045,26.87,75,51,1.43,PH,1634582267
78,Eloy,32.7559,-111.5548,29.18,36,0,7.66,US,1634582267
79,City of San Pedro,14.35,121.0167,25.75,88,20,1.03,PH,1634582261
80,Salalah,17.0151,54.0924,26.05,89,0,1.54,OM,1634582268
81,Lorengau,-2.0226,147.2712,27.83,78,27,4.47,PG,1634582268
82,Hermanus,-34.4187,19.2345,15.5,69,0,4.93,ZA,1634582269
83,Aklavik,68.2191,-135.0107,-5.54,80,100,1.89,CA,1634582269
84,Jamestown,42.097,-79.2353,13.62,58,40,4.02,US,1634582269
85,Saint George,37.1041,-113.5841,22.26,24,20,5.36,US,1634582270
86,Cherskiy,68.75,161.3,-20.91,99,23,4.04,RU,1634582270
87,Longyearbyen,78.2186,15.6401,-7.09,73,75,4.12,SJ,1634582270
88,Kapaa,22.0752,-159.319,25.99,79,40,1.79,US,1634582271
89,Turaif,31.6725,38.6637,20.14,56,0,3.09,SA,1634582271
90,Castro,-24.7911,-50.0119,14.43,95,100,2.3,BR,1634582271
91,Pisco,-13.7,-76.2167,19.45,82,62,4.12,PE,1634582272
92,Ostrovnoy,68.0531,39.5131,3.47,81,100,13.06,RU,1634582272
93,Buchanan,5.8808,-10.0467,28.98,83,30,3.91,LR,1634582272
94,Avarua,-21.2078,-159.775,23.03,88,75,3.09,CK,1634582273
95,Waipawa,-41.4122,175.5153,12.24,71,0,6.22,NZ,1634582273
96,Hilo,19.7297,-155.09,24.89,81,75,3.09,US,1634582255
97,Baruun-Urt,46.6806,113.2792,-3.01,57,0,3.13,MN,1634582273
98,Iqaluit,63.7506,-68.5145,1.85,87,75,8.05,CA,1634582274
99,Carnarvon,-24.8667,113.6333,24.04,73,90,12.35,AU,1634582274
100,Hienghène,-20.6833,164.9333,22.16,92,100,2.74,NC,1634582274
101,Lakes Entrance,-37.8811,147.981,9.76,93,33,4.18,AU,1634582275
102,Nikolskoye,59.7035,30.7861,4.94,93,12,2.69,RU,1634582275
103,Ilhabela,-23.7781,-45.3581,19.41,96,100,3.61,BR,1634582275
104,Vila Velha,-20.3297,-40.2925,23.97,83,75,5.66,BR,1634582276
105,Manzhouli,49.6,117.4333,-3.86,79,4,3.09,CN,1634582276
106,Talnakh,69.4865,88.3972,1.34,99,100,7.11,RU,1634582276
107,Luanda,-8.8368,13.2343,23.72,80,18,5.28,AO,1634582277
108,Sfântu Gheorghe,45.8667,25.7833,8.29,79,100,1.36,RO,1634582126
109,Leningradskiy,69.3833,178.4167,-15.15,93,100,1.39,RU,1634582277
110,Hamilton,39.1834,-84.5333,21.71,42,1,1.34,US,1634581759
111,Broken Hill,-31.95,141.4333,14.84,51,0,6.17,AU,1634582278
112,Cestas,44.7435,-0.6791,19.96,70,0,0.45,FR,1634582278
113,Qaanaaq,77.484,-69.3632,-2.6,69,100,5.21,GL,1634582278
114,Hay River,60.8156,-115.7999,-0.01,80,20,3.6,CA,1634582279
115,Erzin,36.9559,36.2,19.29,82,46,2.15,TR,1634582279
116,Torbay,47.6666,-52.7314,7.93,89,75,9.77,CA,1634582279
117,Shashi,30.3072,112.2447,11.76,72,100,0.23,CN,1634582280
118,Dutlwe,-23.9833,23.9,19.58,49,45,6.27,BW,1634582280
119,Sapa,5.1544,120.3241,27.42,79,100,0.54,PH,1634582280
120,Laramie,41.3114,-105.5911,17.31,23,1,2.24,US,1634582033
121,Kaz,52.9113,87.3105,1.94,88,3,0.98,RU,1634582281
122,Hong Kong,22.2855,114.1577,24.99,77,100,0.45,HK,1634582054
123,Deputatsky,69.3,139.9,-26.95,98,37,1.94,RU,1634582281
124,Dikson,73.5069,80.5464,-0.41,99,100,4.09,RU,1634582282
125,Palmer,42.1584,-72.3287,15.94,52,90,1.34,US,1634582283
126,Sydney Mines,46.2367,-60.2177,17.67,82,75,1.79,CA,1634582283
127,Aniva,46.7144,142.5294,0.06,73,92,5.11,RU,1634582284
128,Bauchi,10.5,10.0,26.13,64,100,1.76,NG,1634582284
129,Souillac,-20.5167,57.5167,23.53,78,75,5.66,MU,1634582284
130,Narsaq,60.9167,-46.05,4.12,38,3,1.47,GL,1634582285
131,Tasiilaq,65.6145,-37.6368,1.09,51,100,1.78,GL,1634582285
132,Mlandizi,-6.7,38.7333,25.14,87,65,2.07,TZ,1634582286
133,Arman',59.7,150.1667,-11.12,50,1,3.94,RU,1634582286
134,Isla Vista,34.4133,-119.861,22.6,46,20,2.06,US,1634582286
135,Mgandu,-5.95,34.1333,21.83,55,97,4.35,TZ,1634582287
136,Codrington,-38.2667,141.9667,8.54,87,31,3.16,AU,1634582287
137,Okhotsk,59.3833,143.3,-12.22,71,0,7.61,RU,1634582287
138,Dingle,10.9995,122.6711,24.97,94,66,2.91,PH,1634582288
139,Bambous Virieux,-20.3428,57.7575,23.45,78,75,5.66,MU,1634582288
140,Shorewood,41.52,-88.2017,23.24,41,1,2.06,US,1634582288
141,Klaksvík,62.2266,-6.589,9.51,95,100,16.23,FO,1634582289
142,El Salvador,13.8333,-88.9167,28.02,59,100,0.46,SV,1634582163
143,Menongue,-14.6585,17.691,20.98,60,86,1.64,AO,1634582289
144,Mpanda,-6.3655,31.0409,22.68,74,89,1.73,TZ,1634582289
145,Dalnerechensk,45.9339,133.7225,-6.4,93,14,1.31,RU,1634582290
146,Benguela,-12.5763,13.4055,23.87,78,43,1.75,AO,1634582290
147,Wanning,18.8003,110.3967,25.51,91,85,4.93,CN,1634582290
148,Caravelas,-17.7125,-39.2481,26.64,70,22,4.68,BR,1634582291
149,Hofn,64.2539,-15.2082,9.01,81,90,8.23,IS,1634582291
150,Marawi,7.9986,124.2928,19.8,94,51,0.9,PH,1634582291
151,Mikhaylovka,50.06,43.2379,7.54,57,92,3.05,RU,1634582292
152,Ferrol,43.4832,-8.2369,21.29,84,75,2.43,ES,1634582093
153,Mar del Plata,-38.0023,-57.5575,15.01,43,0,3.58,AR,1634582292
154,Jalu,29.0331,21.5482,23.25,33,7,4.51,LY,1634582293
155,Ribeira Grande,38.5167,-28.7,21.22,68,20,9.26,PT,1634582293
156,Salamanca,40.8333,-6.0,20.9,69,100,1.21,ES,1634582293
157,Baiyin,36.5583,104.2081,7.49,37,100,1.69,CN,1634582294
158,Praia,14.9215,-23.5087,31.3,42,0,4.63,CV,1634582294
159,Paamiut,61.994,-49.6678,1.5,41,0,4.23,GL,1634582294
160,Laguna,38.421,-121.4238,16.73,62,1,0.89,US,1634582295
161,Pampa,35.5362,-100.9599,25.04,33,1,9.77,US,1634582148
162,Bluff,-46.6,168.3333,7.54,84,100,8.49,NZ,1634582295
163,Turukhansk,65.8167,87.9833,2.81,98,100,6.08,RU,1634582296
164,Yellowknife,62.456,-114.3525,1.34,81,75,5.14,CA,1634582161
165,Djibouti,11.5,42.5,27.68,55,68,4.13,DJ,1634582296
166,Lüderitz,-26.6481,15.1594,23.6,24,100,7.62,NA,1634582296
167,Tiksi,71.6872,128.8694,-8.59,91,100,5.21,RU,1634582297
168,Hithadhoo,-0.6,73.0833,27.76,72,100,3.44,MV,1634582297
169,Kumluca,36.3703,30.2869,21.34,48,100,2.58,TR,1634582297
170,Hailey,43.5196,-114.3153,11.61,41,75,2.06,US,1634582027
171,Melbu,68.5044,14.8297,0.88,93,20,1.54,NO,1634582298
172,Karpathos,35.507,27.2132,19.98,73,40,10.8,GR,1634582298
173,That Phanom,16.9364,104.7104,20.7,90,100,1.36,TH,1634582299
174,Prince Rupert,54.3161,-130.3201,7.83,70,1,1.54,CA,1634582014
175,Marsá Maţrūḩ,31.3525,27.2453,23.11,64,20,4.12,EG,1634582299
176,Xingyi,24.1877,102.817,12.15,98,33,1.4,CN,1634582299
177,Sistranda,63.7256,8.834,4.39,70,100,9.5,NO,1634582300
178,Butaritari,3.0707,172.7902,27.37,70,11,4.02,KI,1634582300
179,Rongcheng,30.634,117.8517,11.02,91,15,0.36,CN,1634582301
180,Grenville,12.1167,-61.6167,29.03,74,59,3.27,GD,1634582301
181,Calabozo,8.9242,-67.4293,31.6,57,97,1.41,VE,1634582301
182,Bushehr,28.9684,50.8385,30.05,42,0,10.8,IR,1634582302
183,Kavieng,-2.5744,150.7967,28.02,77,15,5.95,PG,1634582302
184,Nemuro,43.3236,145.575,8.73,59,6,3.64,JP,1634582302
185,Honiara,-9.4333,159.95,25.0,88,8,1.12,SB,1634582303
186,Sept-Îles,50.2001,-66.3821,10.59,92,90,1.79,CA,1634582303
187,Thinadhoo,0.5333,72.9333,28.05,72,96,4.7,MV,1634582303
188,Cabo San Lucas,22.8909,-109.9124,32.56,61,1,6.69,MX,1634582304
189,Athani,16.7333,75.0667,21.86,86,5,3.67,IN,1634582304
190,Olafsvik,64.8945,-23.7142,4.6,92,100,14.98,IS,1634582304
191,North Bend,43.4065,-124.2243,13.86,96,90,2.57,US,1634582305
192,Atambua,-9.1061,124.8925,24.69,86,100,0.61,ID,1634582305
193,Voyvozh,62.892,54.9635,-0.36,88,97,2.0,RU,1634582305
194,Necochea,-38.5473,-58.7368,16.71,47,4,2.52,AR,1634582306
195,Montería,8.748,-75.8814,30.13,68,87,1.12,CO,1634582306
196,Tarakan,3.3,117.6333,26.88,81,99,1.73,ID,1634582306
197,La Asuncion,11.0333,-63.8628,29.78,66,7,3.88,VE,1634582307
198,Fortuna,40.5982,-124.1573,13.04,70,90,0.45,US,1634582307
199,Muroto-misakicho,33.2833,134.15,18.52,64,60,3.19,JP,1634582307
200,Rum,47.2978,11.4346,6.98,80,100,1.03,AT,1634582308
201,Castaños,26.7833,-101.4167,25.19,34,1,2.06,MX,1634582308
202,Conceição do Araguaia,-8.2578,-49.2647,35.55,35,84,3.17,BR,1634582308
203,Faya,18.3851,42.4509,20.06,23,6,3.73,SA,1634582309
204,Lata,40.1629,-8.3327,20.58,79,100,0.19,PT,1634582309
205,Yangi Marg`ilon,40.4272,71.7189,11.68,62,28,2.06,UZ,1634582309
206,Airai,-8.9266,125.4092,17.02,88,54,0.63,TL,1634582310
207,Maragogi,-9.0122,-35.2225,26.9,74,100,4.33,BR,1634582310
208,Nanortalik,60.1432,-45.2371,0.21,73,41,7.58,GL,1634582310
209,Kahului,20.8947,-156.47,26.09,75,20,6.17,US,1634582171
210,Erdenet,49.0333,104.0833,-1.46,57,85,1.44,MN,1634582311
211,Hirara,24.8,125.2833,25.07,71,86,4.07,JP,1634582311
212,Kaitangata,-46.2817,169.8464,6.08,95,100,4.73,NZ,1634582312
213,Cabra,37.4725,-4.4421,24.69,51,99,1.57,ES,1634582312
214,Santa Cruz de Barahona,18.2085,-71.1008,31.9,74,40,6.17,DO,1634582312
215,La Santisima Trinidad,-14.8333,-64.9,33.99,49,20,3.09,BO,1634582313
216,Esim,4.8699,-2.2405,25.71,84,100,3.83,GH,1634582313
217,Kabanjahe,3.1001,98.4908,19.42,93,100,0.69,ID,1634582313
218,Norman Wells,65.282,-126.8329,-4.98,93,75,4.63,CA,1634582314
219,Chernyshevskiy,63.0128,112.4714,0.44,92,100,3.83,RU,1634582314
220,New Norfolk,-42.7826,147.0587,8.72,77,99,1.79,AU,1634582314
221,Aykhal,66.0,111.5,-2.72,94,84,8.31,RU,1634582315
222,Vanimo,-2.6741,141.3028,25.58,89,66,2.66,PG,1634582315
223,Konëvo,62.1215,39.3192,1.54,96,100,2.46,RU,1634582315
224,Dondo,-19.6094,34.7431,23.01,85,77,5.93,MZ,1634582316
225,Edgewater,28.9889,-80.9023,29.03,47,40,4.12,US,1634582316
226,Ozinki,51.1786,49.6769,11.74,81,100,2.32,RU,1634582317
227,Disna,55.568,28.1971,3.63,76,16,4.86,BY,1634582317
228,Ilulissat,69.2167,-51.1,-0.99,21,75,9.77,GL,1634582317
229,Berlevåg,70.8578,29.0864,1.0,80,40,8.75,NO,1634582318
230,Kiryat Gat,31.61,34.7642,22.38,100,1,2.06,IL,1634582318
231,Araouane,18.9048,-3.5265,31.88,10,6,5.04,ML,1634582319
232,Morehead,37.2711,-87.1764,22.39,35,1,2.68,US,1634582319
233,Naro-Fominsk,55.3875,36.7331,3.45,84,12,3.64,RU,1634582319
234,Jieshi,22.8134,115.8257,22.75,80,91,4.01,CN,1634582320
235,Maiduguri,11.8464,13.1603,30.49,35,42,3.24,NG,1634582320
236,Upernavik,72.7868,-56.1549,-2.48,46,100,2.31,GL,1634582320
237,Villa Carlos Paz,-31.4241,-64.4978,25.22,45,78,4.92,AR,1634582253
238,Beringovskiy,63.05,179.3167,1.25,95,68,4.26,RU,1634582321
239,Silver City,32.7701,-108.2803,20.93,30,1,3.58,US,1634582321
240,Kyshtovka,56.555,76.6271,4.84,79,100,2.97,RU,1634582322
241,Monrovia,6.3005,-10.7969,28.87,81,6,4.52,LR,1634582322
242,Spornoye,50.8448,37.2913,8.01,67,100,4.4,RU,1634582322
243,Spring Valley,36.108,-115.245,19.02,38,40,0.45,US,1634582323
244,Dombarovskiy,50.7587,59.5386,10.93,33,100,4.83,RU,1634582323
245,Nador,35.174,-2.9287,21.04,88,20,3.09,MA,1634582324
246,Tiznit Province,29.5833,-9.5,23.53,35,0,1.15,MA,1634582324
247,São Filipe,14.8961,-24.4956,26.84,73,6,3.12,CV,1634582324
248,Bentiu,9.2333,29.8333,27.06,60,20,1.73,SS,1634582324
249,Saskylakh,71.9167,114.0833,-4.02,98,100,1.65,RU,1634582325
250,Denia,38.8408,0.1057,22.64,78,97,2.76,ES,1634582325
251,Cuamba,-14.8031,36.5372,28.1,40,100,3.26,MZ,1634582326
252,Morros,-9.4467,-46.3003,31.39,39,100,3.52,BR,1634582326
253,Shenkursk,62.1091,42.896,1.73,97,100,1.66,RU,1634582326
254,Komsomol'skoye,55.2567,47.5461,6.7,68,100,6.02,RU,1634582327
255,Inhambane,-23.865,35.3833,19.99,77,75,7.72,MZ,1634582327
256,Tremembé,-22.9583,-45.5494,19.2,94,90,1.54,BR,1634582327
257,Manoel Urbano,-8.8389,-69.2597,29.85,69,61,0.76,BR,1634582328
258,Margate,51.3813,1.3862,16.28,88,100,0.89,GB,1634582328
259,Guerrero Negro,27.9769,-114.0611,21.55,57,0,7.3,MX,1634582328
260,Husavik,66.0449,-17.3389,2.95,98,100,2.81,IS,1634582329
261,Saint-Philippe,-21.3585,55.7679,22.77,81,42,6.88,RE,1634582329
262,Pangnirtung,66.1451,-65.7125,1.0,75,75,2.06,CA,1634582329
263,San Buenaventura,27.0833,-101.5333,26.93,49,1,2.06,MX,1634582330
264,Shimoda,34.6667,138.95,13.39,84,100,8.33,JP,1634582330
265,Kachug,53.9606,105.8817,-2.52,65,2,0.41,RU,1634582330
266,Yumen,40.2833,97.2,7.11,26,100,6.66,CN,1634582331
267,Rundu,-17.9333,19.7667,24.19,14,1,3.19,NA,1634582067
268,Tuy Hoa,13.0833,109.3,25.48,90,100,1.0,VN,1634582275
269,Buala,-8.145,159.5921,26.25,82,5,1.54,SB,1634582331
270,Yeniseysk,58.4497,92.1703,0.16,94,24,1.67,RU,1634582332
271,San Policarpo,12.1791,125.5072,27.47,82,26,2.34,PH,1634582332
272,Bilma,18.6853,12.9164,32.55,13,100,3.12,NE,1634582332
273,Aswān,24.0934,32.907,29.61,17,0,7.2,EG,1634582026
274,Kalanguy,51.0167,116.5167,-8.1,87,25,1.44,RU,1634582333
275,Kovernino,57.1253,43.8142,2.11,88,7,3.25,RU,1634582333
276,Sovetskiy,61.3614,63.5842,3.43,95,99,2.36,RU,1634582333
277,Maniitsoq,65.4167,-52.9,0.78,36,0,2.18,GL,1634582334
278,Maceió,-9.6658,-35.7353,30.69,66,40,5.66,BR,1634582334
279,Portland,45.5234,-122.6762,13.85,73,75,0.45,US,1634582040
280,Matadi,-5.8167,13.45,25.95,77,100,2.85,CD,1634582335
281,Notodden,59.5594,9.2585,6.78,86,100,1.38,NO,1634582335
282,Port Lincoln,-34.7333,135.8667,13.81,81,0,7.27,AU,1634582335
283,Bengkulu,-3.8004,102.2655,22.82,96,100,1.21,ID,1634582336
284,Usinsk,65.9939,57.5281,1.87,87,100,7.03,RU,1634582336
285,Soyo,-6.1349,12.3689,26.03,81,93,3.69,AO,1634582336
286,Thompson,55.7435,-97.8558,11.09,66,75,1.54,CA,1634582337
287,White Bear Lake,45.0847,-93.0099,25.74,41,1,0.89,US,1634582337
288,Mocuba,-16.8392,36.9856,25.04,70,0,3.11,MZ,1634582337
289,Zhadovka,53.5746,46.9498,7.01,59,100,4.71,RU,1634582338
290,Kloulklubed,7.0419,134.2556,28.72,75,100,4.35,PW,1634582338
291,Labuhan,-6.8844,112.2051,27.2,79,100,1.55,ID,1634582338
292,Phalaborwa,-23.943,31.1411,15.6,74,100,5.85,ZA,1634582339
293,Saint Anthony,45.0205,-93.218,25.75,38,1,0.45,US,1634582339
294,Laas,46.6166,10.7002,8.68,62,100,1.14,IT,1634582339
295,Constitución,-35.3333,-72.4167,18.91,54,7,7.05,CL,1634582340
296,Doha,25.2867,51.5333,30.99,51,0,5.66,QA,1634582105
297,Lorena,-22.7308,-45.1247,19.34,100,75,1.03,BR,1634582340
298,Wencheng,33.0559,113.7978,12.36,69,100,1.66,CN,1634582341
299,Clyde River,70.4692,-68.5914,0.13,80,90,2.57,CA,1634582341
300,Rantepao,-2.9701,119.8978,18.87,96,88,1.11,ID,1634582342
301,Camacupa,-12.0167,17.4833,19.22,84,100,2.16,AO,1634582343
302,Kaseda-shirakame,31.4167,130.3167,18.6,71,100,2.48,JP,1634582343
303,Pimentel,-6.8367,-79.9342,20.16,68,0,7.72,PE,1634582344
304,Bereda,43.2686,-7.5406,18.86,74,95,0.47,ES,1634582344
305,Yar-Sale,66.8333,70.8333,1.43,90,94,4.85,RU,1634582344
306,Alice Springs,-23.7,133.8833,20.75,28,100,1.03,AU,1634582345
307,São João da Barra,-21.6403,-41.0511,24.05,86,92,5.05,BR,1634582345
308,Shelburne,44.0787,-80.2041,11.74,65,40,7.24,CA,1634582345
309,Cabedelo,-6.9811,-34.8339,29.37,66,100,5.54,BR,1634582346
310,Florø,61.5996,5.0328,7.98,53,75,4.63,NO,1634582346
311,Soller,39.7662,2.7152,22.79,84,65,1.23,ES,1634582346
312,Ondjiva,-17.0667,15.7333,26.2,14,77,3.46,AO,1634582347
313,San Jose,37.3394,-121.895,16.34,65,40,2.68,US,1634582060
314,Mehamn,71.0357,27.8492,1.1,80,90,9.77,NO,1634582347
315,Petropavlovsk-Kamchatskiy,53.0452,158.6483,1.33,51,20,5.0,RU,1634582348
316,Olinda,-8.0089,-34.8553,27.85,65,40,4.63,BR,1634582348
317,Nísia Floresta,-6.0911,-35.2086,30.45,57,97,5.57,BR,1634582348
318,Cidreira,-30.1811,-50.2056,17.78,68,99,3.9,BR,1634582349
319,Saint-Augustin,51.226,-58.6502,6.49,92,100,11.31,CA,1634582349
320,Bocas del Toro,9.3333,-82.25,30.6,72,75,2.7,PA,1634582349
321,Geraldton,-28.7667,114.6,22.23,53,90,10.8,AU,1634582350
322,Bonavista,48.6499,-53.1147,8.4,85,100,7.52,CA,1634582350
323,Viedma,-40.8135,-62.9967,26.75,12,32,7.95,AR,1634582350
324,Namtsy,62.7161,129.6658,-8.94,95,97,2.76,RU,1634582351
325,Son La,21.3167,103.9,15.66,98,34,0.33,VN,1634582351
326,Zhigansk,66.7697,123.3711,-7.93,93,99,5.16,RU,1634582351
327,Nome,64.5011,-165.4064,-5.96,73,1,2.06,US,1634582352
328,Jinka,5.65,36.65,20.08,59,59,1.3,ET,1634582352
329,Montepuez,-13.1256,38.9997,22.74,64,54,3.83,MZ,1634582352
330,Tura,25.5198,90.2201,22.32,99,100,2.1,IN,1634582353
331,Gao,16.6362,1.637,30.42,33,100,4.74,ML,1634582353
332,Perth,-31.9333,115.8333,16.13,92,90,4.12,AU,1634582353
333,Auki,-8.7676,160.7034,24.55,85,5,1.45,SB,1634582354
334,Kassala,15.451,36.4,31.28,20,0,1.8,SD,1634582354
335,Angoche,-16.2325,39.9086,25.09,79,0,5.38,MZ,1634582354
336,Mayumba,-3.432,10.6554,24.36,86,100,4.37,GA,1634582355
337,Anloga,5.7947,0.8973,26.12,78,100,2.33,GH,1634582355
338,Palana,59.1167,159.9667,-3.73,66,100,9.5,RU,1634582355
339,Hambantota,6.1241,81.1185,26.19,94,0,3.09,LK,1634582356
340,Sajanan,37.0573,9.2426,17.15,75,0,1.84,TN,1634582356
341,Morón,-34.6534,-58.6198,23.78,69,1,2.86,AR,1634582357
342,Bathsheba,13.2167,-59.5167,27.34,83,40,3.09,BB,1634582357
343,Genhe,50.7833,121.5167,-9.61,98,79,1.29,CN,1634582357
344,Kharhiāl,20.2833,82.7667,24.1,92,100,2.12,IN,1634582358
345,Obuasi,6.206,-1.6619,22.6,97,100,0.9,GH,1634582358
346,Yurimaguas,-5.9,-76.0833,31.09,41,40,3.6,PE,1634582358
347,Esperance,-33.8667,121.9,14.91,75,100,3.3,AU,1634582359
348,Aksu,41.1231,80.2644,13.01,20,100,1.67,CN,1634582359
349,Sunrise Manor,36.2111,-115.0731,20.1,36,90,7.2,US,1634582138
350,Verkhnevilyuysk,63.4453,120.3167,-1.51,97,100,2.26,RU,1634582360
351,Nkhotakota,-12.9274,34.2961,26.97,61,65,3.71,MW,1634582360
352,Paka,4.6374,103.4368,24.99,100,98,0.0,MY,1634582361
353,Revelganj,25.7833,84.6667,22.95,93,100,5.86,IN,1634582361
354,Flin Flon,54.7682,-101.865,8.91,71,40,5.66,CA,1634582361
355,Pangai,-19.8,-174.35,25.06,69,40,8.75,TO,1634582362
356,Matara,5.9485,80.5353,25.62,88,100,4.69,LK,1634582362
357,Kashgar,39.4547,75.9797,12.56,28,88,4.0,CN,1634582362
358,Kavaratti,10.5669,72.642,27.58,74,100,3.79,IN,1634582363
359,Belmonte,-15.8631,-38.8828,28.28,72,100,4.82,BR,1634582363
360,Khovd,48.0056,91.6419,1.11,55,0,0.3,MN,1634582363
361,Zhezkazgan,47.8043,67.7144,8.2,35,6,4.48,KZ,1634582364
362,Antropovo,58.3988,43.0066,0.09,93,11,3.0,RU,1634582364
363,Touros,-5.1989,-35.4608,30.5,66,74,6.86,BR,1634582364
364,Scottsbluff,41.8666,-103.6672,24.24,32,1,0.0,US,1634582365
365,Vágur,61.4732,-6.8119,9.21,98,100,14.19,FO,1634582365
366,Praia da Vitória,38.7333,-27.0667,23.14,78,20,5.73,PT,1634582365
367,Nushki,29.5542,66.0215,14.67,12,0,0.54,PK,1634582366
368,Asău,46.4333,26.4,8.75,85,100,0.97,RO,1634582366
369,Porto-Vecchio,41.591,9.2795,16.74,82,0,1.54,FR,1634582367
370,Aksarka,66.5606,67.7975,0.46,90,32,4.49,RU,1634582367
371,Baykit,61.67,96.37,-0.86,97,38,0.9,RU,1634582367
372,Anori,-3.7728,-61.6442,34.43,41,95,0.88,BR,1634582368
373,Ola,59.5833,151.2833,-10.51,53,0,3.91,RU,1634582368
374,Oktyabr'skoye,43.0645,44.7417,11.08,100,99,1.0,RU,1634582368
375,Balkanabat,39.5108,54.3671,18.17,54,29,2.69,TM,1634582369
376,Katsuura,35.1333,140.3,14.55,75,100,6.36,JP,1634582369
377,Kutum,14.2,24.6667,27.05,16,4,3.96,SD,1634582369
378,Mwanza,-2.5167,32.9,24.03,83,20,0.0,TZ,1634582370
379,Egvekinot,66.3167,-179.1667,-9.21,94,100,5.58,RU,1634582370
380,Erenhot,43.6475,111.9767,0.49,42,0,2.32,CN,1634582370
381,Banda Aceh,5.5577,95.3222,27.28,77,100,1.36,ID,1634582371
382,Somerset East,-32.7217,25.588,9.43,71,0,3.17,ZA,1634582371
383,São Geraldo do Araguaia,-6.4006,-48.555,31.94,47,88,0.53,BR,1634582371
384,Marystown,47.1666,-55.1483,10.48,100,100,4.47,CA,1634582372
385,Ancud,-41.8697,-73.8203,16.74,76,31,3.44,CL,1634582372
386,Coxim,-18.5067,-54.76,32.17,44,100,1.75,BR,1634582372
387,Port Hedland,-20.3167,118.5667,22.03,88,6,0.0,AU,1634582373
388,Khonsa,27.0167,95.5667,19.1,94,91,2.14,IN,1634582373
389,Samoded,63.6083,40.5111,2.31,91,97,2.99,RU,1634582373
390,Streator,41.1209,-88.8354,23.88,44,0,0.89,US,1634582374
391,Svetlaya,46.5389,138.3297,1.43,80,100,4.99,RU,1634582374
392,Richards Bay,-28.783,32.0377,14.43,69,2,2.62,ZA,1634582374
393,Fonte Boa,-2.4959,-66.2662,32.0,53,100,1.42,BR,1634582375
394,Lapeer,43.0514,-83.3188,18.04,48,1,4.63,US,1634582375
395,Kiama,-34.6833,150.8667,16.99,74,100,0.89,AU,1634582375
396,Shchors,51.8186,31.945,4.97,91,100,3.65,UA,1634582376
397,Vrangel',42.7297,133.0839,6.42,85,100,5.24,RU,1634582376
398,Porto Belo,-27.1578,-48.5531,20.65,85,100,5.19,BR,1634582376
399,Zapolyarnyy,69.4154,30.8136,-0.4,76,100,9.69,RU,1634582377
400,Mayna,54.1135,47.6231,6.69,57,100,4.81,RU,1634582377
401,Seinäjoki,62.7945,22.8282,1.78,73,20,0.45,FI,1634582250
402,Blackfoot,43.1905,-112.345,17.29,21,100,3.75,US,1634582377
403,Christchurch,-43.5333,172.6333,12.49,78,28,0.45,NZ,1634582378
404,Mandalgovi,45.7625,106.2708,-1.52,42,1,2.81,MN,1634582378
405,Shīeli,44.1667,66.75,11.87,26,0,3.35,KZ,1634582379
406,Xaltianguis,17.0667,-99.8333,25.73,65,100,2.01,MX,1634582379
407,Payakumbuh,-0.2202,100.6308,21.5,98,100,0.8,ID,1634582379
408,Bethel,41.3712,-73.414,14.47,75,75,3.6,US,1634582380
409,Eskil,38.4017,33.4131,13.6,63,88,3.87,TR,1634582380
410,Ushtobe,45.2514,77.9838,8.5,46,0,4.23,KZ,1634582380
411,Naushki,50.3828,106.1056,-2.38,84,7,1.2,RU,1634582381
412,Qasigiannguit,68.8193,-51.1922,-0.86,60,7,4.51,GL,1634582381
413,Ambilobe,-13.2,49.05,23.15,64,26,4.11,MG,1634582381
414,Grover Beach,35.1216,-120.6213,18.76,46,1,2.24,US,1634582106
415,Sobolevo,54.4299,31.8996,3.51,77,13,4.76,RU,1634582382
416,Omboué,-1.5746,9.2618,24.89,84,100,3.98,GA,1634582382
417,Puma,-5.0,34.7333,22.47,47,48,4.13,TZ,1634582383
418,Tres Arroyos,-38.3739,-60.2798,20.56,32,5,2.22,AR,1634582383
419,Srednekolymsk,67.45,153.6833,-17.46,98,99,1.38,RU,1634582383
420,Qena,26.1615,32.7183,28.06,26,1,5.06,EG,1634582026
421,Rome,43.2128,-75.4557,10.21,77,90,0.45,US,1634582384
422,Gobabis,-22.45,18.9667,19.57,10,9,5.19,NA,1634582384
423,Olonets,60.9847,32.9698,3.43,81,100,2.82,RU,1634582384
424,Heraclea,37.5133,34.0467,13.59,53,59,1.03,TR,1634582385
425,Buraidah,26.326,43.975,29.25,21,0,5.39,SA,1634582385
426,Cururupu,-1.8283,-44.8683,30.07,58,93,3.2,BR,1634582385
427,Cockburn Town,21.4612,-71.1419,27.57,74,16,3.35,TC,1634582386
428,Zlobin,45.2924,14.6541,11.61,61,0,4.63,HR,1634582386
429,Alofi,-19.0595,-169.9187,22.94,94,75,5.14,NU,1634582386
430,College,64.8569,-147.8028,-1.22,78,75,0.0,US,1634582387
431,Koslan,63.4564,48.8989,-0.33,92,45,2.97,RU,1634582387
432,Gladstone,-23.85,151.25,16.96,94,30,2.06,AU,1634582105
433,Pevek,69.7008,170.3133,-13.56,82,100,1.71,RU,1634582387
434,Naze,28.3667,129.4833,21.3,82,98,5.16,JP,1634582388
435,La Romana,18.4273,-68.9728,31.2,70,75,5.14,DO,1634582388
436,Puerto Carreño,6.189,-67.4859,28.38,73,100,2.92,CO,1634582388
437,Dzaoudzi,-12.7887,45.2699,25.94,78,75,2.57,YT,1634582389
438,Golspie,57.9727,-3.978,16.19,90,100,3.2,GB,1634582389
439,Waingapu,-9.6567,120.2641,27.31,78,50,1.04,ID,1634582389
440,Rio Grande,-32.035,-52.0986,22.06,61,0,3.5,BR,1634582390
441,Chu,43.5983,73.7614,10.33,43,0,1.84,KZ,1634582390
442,Lavrentiya,65.5833,-171.0,-4.17,70,100,4.49,RU,1634582390
443,Hammerfest,70.6634,23.6821,0.85,80,75,4.12,NO,1634582391
444,Bahir Dar,11.5936,37.3908,15.72,73,12,1.94,ET,1634582391
445,Ca Mau,9.1769,105.15,24.67,93,100,1.3,VN,1634582392
446,Gigmoto,13.7796,124.39,26.45,88,100,3.04,PH,1634582392
447,Mazamari,-11.3258,-74.5308,30.86,49,95,1.29,PE,1634582392
448,Los Llanos de Aridane,28.6585,-17.9182,25.86,23,0,1.03,ES,1634582393
449,Aracaju,-10.9111,-37.0717,28.97,65,20,5.14,BR,1634582393
450,Yining,29.0361,114.5636,12.44,92,100,0.53,CN,1634582393
451,Mitsamiouli,-11.3847,43.2844,26.16,69,40,8.75,KM,1634582394
452,Taldan,53.6667,124.8,-5.89,57,89,1.45,RU,1634582394
453,Mossamedes,-15.1961,12.1522,18.12,82,56,3.71,AO,1634582394
454,Hasaki,35.7333,140.8333,12.38,65,100,6.41,JP,1634582395
455,Half Moon Bay,37.4636,-122.4286,16.36,75,90,2.24,US,1634582113
456,Hereford,52.0568,-2.7148,17.34,70,100,2.91,GB,1634582395
457,Bulungu,-4.55,18.6,22.19,96,100,1.29,CD,1634582396
458,Chauk,20.8833,94.8167,25.12,90,100,1.27,MM,1634582396
459,Moroni,-11.7022,43.2551,26.0,69,40,8.75,KM,1634582396
460,Alcobendas,40.5475,-3.642,21.51,58,20,1.03,ES,1634582397
461,Sittwe,20.15,92.9,26.59,86,100,4.07,MM,1634582397
462,Ukhta,63.5671,53.6835,0.2,89,31,2.65,RU,1634582397
463,Wagga Wagga,-35.1167,147.3667,10.23,100,27,2.57,AU,1634582398
464,Carutapera,-1.195,-46.02,30.11,59,81,4.15,BR,1634582398
465,Araxá,-19.5933,-46.9406,26.98,57,40,4.12,BR,1634582399
466,Anta,25.15,76.3,22.42,92,6,2.09,IN,1634582399
467,Cowra,-33.8333,148.6833,9.93,70,22,1.18,AU,1634582399
468,Kuytun,54.3419,101.5036,-3.15,90,14,0.96,RU,1634582400
469,Wahiawā,21.5028,-158.0236,25.18,72,1,0.0,US,1634582324
470,Evensk,61.95,159.2333,-10.22,68,100,4.51,RU,1634582400
471,Suez,29.9737,32.5263,22.04,60,0,4.11,EG,1634582121
472,Bud,39.447,-86.1758,22.34,50,0,3.83,US,1634582400
473,Novoagansk,61.9449,76.6625,3.38,91,86,4.42,RU,1634582401
474,Yarmouth,41.7057,-70.2286,16.65,55,75,6.71,US,1634582402
475,Nhulunbuy,-12.2333,136.7667,24.34,88,78,1.54,AU,1634582402
476,San Cristobal,7.7669,-72.225,28.1,47,36,3.6,VE,1634582403
477,Imeni Poliny Osipenko,52.4201,136.4853,-13.5,97,40,1.11,RU,1634582404
478,Ramnagar,29.4,79.1167,20.01,96,100,1.67,IN,1634582404
479,Guane,22.2025,-84.0875,31.54,48,63,3.69,CU,1634582405
480,Kuril'sk,45.2333,147.8833,5.95,77,95,3.49,RU,1634582406
481,Guiglo,6.5456,-7.4966,23.24,96,100,1.77,CI,1634582407
482,Barabash,43.2,131.4833,2.82,66,94,5.44,RU,1634582407
483,Oranjemund,-28.55,16.4333,15.67,68,0,11.04,NA,1634582408
484,Tinaquillo,9.9186,-68.3047,32.04,64,26,1.83,VE,1634582408
485,Sampit,-2.5333,112.95,24.31,95,96,0.88,ID,1634582409
486,Kamiichi,36.7,137.3667,9.93,91,100,1.16,JP,1634582409
487,Hillsborough,37.5741,-122.3794,15.9,76,75,2.24,US,1634582410
488,Kathu,7.9178,98.3332,30.39,88,100,2.71,TH,1634582410
489,Bulgan,48.8125,103.5347,-0.42,50,63,0.99,MN,1634582411
490,Grindavik,63.8424,-22.4338,8.97,87,90,10.29,IS,1634582411
491,Chalmette,29.9427,-89.9634,24.44,56,1,1.34,US,1634582411
492,Hulan Ergi,47.2042,123.6333,-1.97,57,0,3.02,CN,1634582412
493,Sozimskiy,59.7418,52.2482,4.7,83,100,3.68,RU,1634582412
494,Robertsport,6.7533,-11.3686,27.15,79,7,4.93,LR,1634582412
495,Ust-Kuyga,70.0167,135.6,-24.76,100,96,2.41,RU,1634582413
496,Inuvik,68.3499,-133.7218,-5.52,96,90,1.03,CA,1634582227
497,Archidona,37.0965,-4.3887,22.9,62,98,2.3,ES,1634582413
498,Dunedin,-45.8742,170.5036,7.28,93,95,7.46,NZ,1634582414
499,Ilek,51.5271,53.3831,11.84,35,100,4.71,RU,1634582414
500,North Myrtle Beach,33.816,-78.68,24.49,37,1,0.45,US,1634582414
501,Birin,26.8865,88.0718,15.52,98,100,2.62,NP,1634582415
502,Pangody,65.85,74.4859,1.23,90,83,5.18,RU,1634582415
503,Ojinaga,29.5667,-104.4167,29.76,28,1,0.0,MX,1634582415
504,Price,39.5994,-110.8107,14.29,46,1,1.54,US,1634582416
505,Aldan,58.6031,125.3894,-4.75,95,100,6.53,RU,1634582416
506,San Juan Bautista,-14.0108,-75.7358,16.76,38,96,5.09,PE,1634582416
507,Almaznyy,48.0448,40.045,7.08,61,99,2.74,RU,1634582417
508,Olavarría,-36.8927,-60.3225,20.57,31,5,1.01,AR,1634582417
509,Karwar,14.8,74.1333,25.24,80,20,2.8,IN,1634582417
510,Umm Kaddadah,13.6017,26.6876,32.84,14,0,5.0,SD,1634582418
511,Concordia,-31.393,-58.0209,25.04,35,20,1.34,AR,1634582418
512,San Angelo,31.4638,-100.437,25.91,48,1,2.68,US,1634582418
513,Carmo do Paranaíba,-19.0008,-46.3161,24.56,64,95,4.02,BR,1634582419
514,Barkot,30.8167,78.2,14.33,89,4,1.64,IN,1634582419
515,Sakaiminato,35.55,133.2333,10.99,93,40,3.09,JP,1634582420
516,Santarém,-2.4431,-54.7083,28.07,78,40,2.57,BR,1634582261
517,Yeppoon,-23.1333,150.7333,18.88,93,23,1.39,AU,1634582420
518,Barra do Corda,-5.5,-45.25,31.3,53,100,0.37,BR,1634582420
519,Cap Malheureux,-19.9842,57.6142,23.59,77,56,4.02,MU,1634582421
520,Jambi City,-1.6,103.6167,22.77,99,98,1.38,ID,1634582421
521,Hue,16.4667,107.6,23.06,94,75,2.06,VN,1634582366
522,Morro da Fumaça,-28.6508,-49.21,18.94,73,100,1.67,BR,1634582421
523,Louis Trichardt,-23.0439,29.9032,11.67,93,100,5.74,ZA,1634582422
524,Bambanglipuro,-7.95,110.2833,25.6,85,70,1.73,ID,1634582422
525,San Quintín,30.4833,-115.95,19.71,60,48,5.82,MX,1634582422
526,Sinnamary,5.3833,-52.95,28.37,73,100,3.89,GF,1634582423
527,Neiafu,-18.65,-173.9833,25.38,83,40,3.6,TO,1634582423
528,Benghazi,32.1167,20.0667,22.75,55,100,5.54,LY,1634582423
529,Laurel,39.0993,-76.8483,20.56,45,75,1.34,US,1634582255
530,Marsabit,2.3284,37.9899,24.23,44,57,7.3,KE,1634582424
531,Sangre Grande,10.5835,-61.1177,30.59,81,63,2.69,TT,1634582424
532,Tendūkheda,23.4,79.55,22.6,96,38,3.21,IN,1634582424
533,Camacha,33.0833,-16.3333,21.68,83,20,3.6,PT,1634582425
534,Bucak,37.4592,30.595,14.29,51,86,1.68,TR,1634582425
535,Korla,41.7597,86.1469,12.3,26,100,3.16,CN,1634582425
536,Kumul,42.8,93.45,12.11,25,83,0.99,CN,1634582426
537,Pechenga,69.5259,31.1703,0.48,69,100,10.6,RU,1634582426
538,Rocha,-34.4833,-54.3333,15.99,73,34,4.57,UY,1634582426
539,Leh,34.1667,77.5833,3.24,85,82,1.35,IN,1634582427
540,Lucapa,-8.4192,20.7447,21.99,74,88,1.56,AO,1634582427
541,Tondano,1.3038,124.9112,21.05,86,95,0.72,ID,1634582427
542,Herford,52.1333,8.6833,11.92,80,100,3.04,DE,1634582428
543,Santa María del Oro,25.9333,-105.3667,24.89,38,100,1.83,MX,1634582428
544,Saint-Leu,-21.15,55.2833,22.48,95,2,3.47,RE,1634582428
545,Sandeid,59.5449,5.8636,10.06,81,100,3.2,NO,1634582429
546,Krasnoarmiys'k,48.282,37.1758,7.5,59,100,3.07,UA,1634582429
