City,Latitude,Longitude,Max Temp,Humidity,Cloudiness,Wind Speed,Country,Date
Mahébourg,-20.4081,57.7,74.25,73,68,13.31,MU,1634594791
Punta Arenas,-53.15,-70.9167,50.11,53,40,29.93,CL,1634594791
Rikitea,-23.1203,-134.9692,75.47,72,22,20.8,PF,1634594525
Cape Town,-33.9258,18.4232,60.12,58,0,3.0,ZA,1634594570
Bluff,-46.6,168.3333,49.21,48,99,24.9,NZ,1634594791
Hobart,-42.8794,147.3294,51.03,81,75,1.01,AU,1634594792
Ilulissat,69.2167,-51.1,30.22,27,6,18.41,GL,1634594792
Talant,47.3369,5.0089,47.41,100,90,2.3,FR,1634594793
Campbell River,50.0163,-125.2446,53.6,83,62,1.01,CA,1634594793
Ushuaia,-54.8,-68.3,47.44,59,66,4.43,AR,1634594501
Busselton,-33.65,115.3333,58.05,95,100,18.16,AU,1634594793
Buraidah,26.326,43.975,74.93,22,0,9.64,SA,1634594794
Tuktoyaktuk,69.4541,-133.0374,21.67,84,98,7.61,CA,1634594794
Ponta do Sol,32.6667,-17.1,77.72,36,96,2.82,PT,1634594794
Codrington,-38.2667,141.9667,51.82,84,69,12.35,AU,1634594795
Thompson,55.7435,-97.8558,44.74,81,100,11.77,CA,1634594795
Tarko-Sale,64.9225,77.785,38.91,90,100,13.96,RU,1634594795
Saint Paul Harbor,57.79,-152.4072,45.91,76,90,16.11,US,1634594796
Srīvardhan,18.0333,73.0167,76.44,78,6,2.73,IN,1634594796
Nabire,-3.3667,135.4833,76.57,91,75,3.51,ID,1634594796
Hīt,33.6416,42.8251,72.63,44,0,5.23,IQ,1634594797
Arraial do Cabo,-22.9661,-42.0278,68.94,91,100,14.0,BR,1634594797
Albany,42.6001,-73.9662,49.17,76,57,1.01,US,1634594796
Kamaishi,39.2667,141.8833,54.41,68,100,6.35,JP,1634594798
Dosso,13.049,3.1937,81.14,68,79,1.57,NE,1634594798
Port Hedland,-20.3167,118.5667,68.05,100,14,4.61,AU,1634594798
Hermanus,-34.4187,19.2345,49.8,72,0,10.83,ZA,1634594799
Khovd,48.0056,91.6419,32.4,59,17,0.76,MN,1634594799
Lebedinyy,58.5167,125.5167,23.5,95,100,15.64,RU,1634594799
Silago,10.5291,125.1618,81.45,84,64,5.12,PH,1634594800
Cowra,-33.8333,148.6833,67.26,61,19,1.83,AU,1634594800
Atuona,-9.8,-139.0333,77.34,78,35,19.13,PF,1634594503
Provideniya,64.3833,-173.3,30.31,64,90,15.66,RU,1634594614
Sabang,5.8933,95.3214,82.17,74,92,4.34,ID,1634594801
Kloulklubed,7.0419,134.2556,84.27,73,78,11.05,PW,1634594801
Qaanaaq,77.484,-69.3632,26.56,66,100,12.84,GL,1634594802
Kaitangata,-46.2817,169.8464,47.93,70,100,8.57,NZ,1634594802
Gunjur,13.2019,-16.7339,80.67,94,40,0.0,GM,1634594802
Lompoc,34.6391,-120.4579,74.41,51,1,19.57,US,1634594803
George Town,5.4112,100.3354,79.9,92,81,5.75,MY,1634594803
Cabo San Lucas,22.8909,-109.9124,91.62,65,40,1.01,MX,1634594803
Jijiga,9.35,42.8,65.17,35,14,7.72,ET,1634594533
Lebu,-37.6167,-73.65,54.61,80,0,18.3,CL,1634594804
Jamestown,42.097,-79.2353,54.01,62,20,5.99,US,1634594549
Price,39.5994,-110.8107,57.11,40,90,6.91,US,1634594804
Dikson,73.5069,80.5464,29.79,98,100,18.7,RU,1634594527
Bredasdorp,-34.5322,20.0403,49.28,78,0,3.38,ZA,1634594805
Bethel,41.3712,-73.414,53.19,79,40,5.75,US,1634594805
Cairns,-16.9167,145.7667,92.95,80,1,1.14,AU,1634594557
Mataura,-46.1927,168.8643,42.82,94,100,6.58,NZ,1634594806
Belaya Gora,68.5333,146.4167,-4.9,98,66,3.47,RU,1634594806
Berlevåg,70.8578,29.0864,34.74,62,100,25.84,NO,1634594674
Tiksi,71.6872,128.8694,16.93,87,100,11.86,RU,1634594806
Bereket,39.2446,55.5154,61.97,50,1,8.03,TM,1634594807
Kapaa,22.0752,-159.319,82.38,73,33,5.99,US,1634594534
Yellowknife,62.456,-114.3525,33.42,94,41,10.0,CA,1634594632
Abbeville,50.1,1.8333,60.49,92,100,14.97,FR,1634594807
Sobolevo,54.4299,31.8996,36.39,84,13,10.54,RU,1634594808
Asău,46.4333,26.4,48.76,78,83,2.35,RO,1634594808
Mossamedes,-15.1961,12.1522,62.67,86,37,5.03,AO,1634594808
Hong Kong,22.2855,114.1577,76.32,79,97,1.99,HK,1634594604
Bambous Virieux,-20.3428,57.7575,74.21,72,72,13.31,MU,1634594809
Avarua,-21.2078,-159.775,77.05,73,75,9.22,CK,1634594809
Pangoa,-12.1167,-73.0,74.1,93,88,0.54,PE,1634594810
Ambon City,-3.6954,128.1814,77.14,94,40,6.91,ID,1634594810
Barranca,-10.75,-77.7667,64.26,80,56,9.8,PE,1634594810
Harper,4.375,-7.7169,77.34,87,81,6.89,LR,1634594811
Byron Bay,-28.65,153.6167,69.06,83,100,3.42,AU,1634594811
Butaritari,3.0707,172.7902,81.77,69,17,7.18,KI,1634594569
Wonthaggi,-38.6044,145.5913,55.81,79,29,9.89,AU,1634594812
Ramona,33.0417,-116.8681,65.28,76,90,5.01,US,1634594641
Okitipupa,6.5047,4.7839,73.92,96,100,2.48,NG,1634594812
Pak Thong Chai,14.7226,102.0251,71.78,98,100,5.06,TH,1634594530
Ixtapa,20.7,-105.2,88.23,70,75,10.36,MX,1634594729
Tasiilaq,65.6145,-37.6368,35.76,45,97,6.06,GL,1634594813
Houston,29.7633,-95.3633,79.88,47,1,5.01,US,1634594383
Assiniboia,49.6334,-105.9845,56.28,41,5,19.75,CA,1634594720
Clausthal-Zellerfeld,51.8,10.3333,46.09,90,100,15.01,DE,1634594813
Saint-Augustin,51.226,-58.6502,43.43,95,100,25.66,CA,1634594814
Saint George,37.1041,-113.5841,61.39,40,75,5.01,US,1634594580
Cherskiy,68.75,161.3,-3.8,99,36,9.66,RU,1634594814
Bandiagara,14.3501,-3.6104,89.28,27,82,13.2,ML,1634594814
Laas,46.6166,10.7002,43.02,56,100,2.28,IT,1634594815
Piedade,-23.7119,-47.4278,64.49,96,99,12.8,BR,1634594815
Gizo Government Station,-8.103,156.8419,82.92,72,81,3.94,SB,1634594815
Touros,-5.1989,-35.4608,79.7,77,68,14.16,BR,1634594816
Tuatapere,-46.1333,167.6833,46.56,72,99,13.56,NZ,1634594816
Mar del Plata,-38.0023,-57.5575,57.99,51,0,8.01,AR,1634594686
Saskylakh,71.9167,114.0833,21.54,98,100,1.25,RU,1634594551
Port Alfred,-33.5906,26.891,55.94,70,7,7.09,ZA,1634594817
Laguna,38.421,-121.4238,68.0,46,75,1.99,US,1634594817
Vao,-22.6667,167.4833,72.09,91,100,22.19,NC,1634594817
Airai,-8.9266,125.4092,63.81,85,87,1.81,TL,1634594818
Paamiut,61.994,-49.6678,35.37,50,0,11.1,GL,1634594818
Jajce,44.3422,17.2656,37.58,94,54,1.34,BA,1634594818
Pokhara,28.2333,83.9833,68.68,90,100,5.01,NP,1634594732
Chapayevka,47.4711,36.3451,44.87,63,100,6.82,UA,1634594819
Cacequi,-29.8836,-54.825,61.59,76,0,8.32,BR,1634594819
Castro,-24.7911,-50.0119,55.96,98,100,5.88,BR,1634594820
Barrow,71.2906,-156.7887,10.42,85,90,4.61,US,1634594820
Cabedelo,-6.9811,-34.8339,77.67,78,100,10.38,BR,1634594820
Puerto Asís,0.5133,-76.5007,88.36,69,43,2.51,CO,1634594821
Kuching,1.55,110.3333,77.22,94,20,2.3,MY,1634594820
Pevek,69.7008,170.3133,11.86,81,100,4.23,RU,1634594821
Curillo,1.0333,-75.9191,82.63,73,66,2.89,CO,1634594822
Acajutla,13.5928,-89.8275,83.35,77,82,5.39,SV,1634594823
Popondetta,-8.7537,148.2534,81.05,78,94,1.07,PG,1634594823
Forestville,38.8451,-76.875,65.86,42,1,16.11,US,1634594559
Algeciras,36.1333,-5.4505,73.17,85,100,16.51,ES,1634594823
Padang,-0.9492,100.3543,76.42,91,100,6.13,ID,1634594824
Qui Nhon,13.7667,109.2333,77.45,91,100,6.33,VN,1634594824
Adra,36.7496,-3.0206,73.83,80,100,8.12,ES,1634594825
Nemuro,43.3236,145.575,49.73,60,20,11.81,JP,1634594825
Mogadishu,2.0371,45.3438,79.25,82,87,11.79,SO,1634594826
Tateyama,34.9833,139.8667,57.13,87,100,16.46,JP,1634594827
Port Lincoln,-34.7333,135.8667,59.0,75,1,19.75,AU,1634594827
Pampa,35.5362,-100.9599,79.57,31,40,26.46,US,1634594645
Sur,22.5667,59.5289,81.27,45,4,8.55,OM,1634594828
Yulara,-25.2406,130.9889,78.64,22,97,5.75,AU,1634594828
Hoi An,15.8794,108.335,76.96,89,100,4.9,VN,1634594829
Alofi,-19.0595,-169.9187,76.89,83,75,18.41,NU,1634594829
Arica,-18.475,-70.3042,67.55,72,0,10.36,CL,1634594830
Bontang,0.1333,117.5,78.67,87,77,4.23,ID,1634594534
Kemisē,10.7167,39.8667,64.54,46,14,6.51,ET,1634594830
Channel-Port aux Basques,47.5702,-59.1367,54.32,98,100,2.75,CA,1634594830
Haines Junction,60.7522,-137.5108,33.1,55,98,0.89,CA,1634594831
Nome,64.5011,-165.4064,26.67,69,90,13.8,US,1634594831
Sawtell,-30.3833,153.1,66.22,84,100,4.61,AU,1634594831
Bengkulu,-3.8004,102.2655,73.49,93,100,4.07,ID,1634594832
Kintampo,8.0563,-1.7306,73.69,91,100,3.78,GH,1634594832
Port Hueneme,34.1478,-119.1951,72.48,49,1,18.41,US,1634594833
Ciudad del Carmen,18.6333,-91.8333,80.64,83,75,5.75,MX,1634594833
Alugan,12.2188,125.4808,81.16,83,80,4.23,PH,1634594833
Beyneu,45.3167,55.2,53.91,36,81,8.03,KZ,1634594834
Hithadhoo,-0.6,73.0833,81.57,73,92,8.16,MV,1634594834
Tyrma,50.0833,132.1667,17.56,67,0,2.95,RU,1634594834
Taoudenni,22.6783,-3.9836,84.6,11,59,11.48,ML,1634594835
Antofagasta,-23.65,-70.4,60.08,70,31,6.78,CL,1634594835
Kiryat Gat,31.61,34.7642,69.4,69,2,3.2,IL,1634594836
Waggaman,29.9185,-90.2109,75.25,59,75,4.0,US,1634594836
East London,-33.0153,27.9116,56.75,73,37,5.48,ZA,1634594836
Leh,34.1667,77.5833,36.41,84,92,3.67,IN,1634594837
Vaini,-21.2,-175.2,80.76,74,40,10.36,TO,1634594837
Cedar City,37.6775,-113.0619,50.97,32,75,31.07,US,1634594623
Hilo,19.7297,-155.09,80.8,85,66,1.99,US,1634594582
Sompeta,18.9333,84.6,80.35,88,100,7.56,IN,1634594838
Qasigiannguit,68.8193,-51.1922,30.45,60,3,10.83,GL,1634594838
Ahipara,-35.1667,173.1667,64.98,64,40,3.04,NZ,1634594838
Santiago,-33.4569,-70.6483,81.86,15,0,16.11,CL,1634594792
Bolitoc,15.7395,119.8769,78.4,81,50,4.47,PH,1634594839
Nikolskoye,59.7035,30.7861,39.09,88,44,6.58,RU,1634594642
Sunrise,26.1577,-80.2861,83.01,58,76,1.01,US,1634594337
Sisimiut,66.9395,-53.6735,27.34,44,1,15.97,GL,1634594839
Seoul,37.5683,126.9778,51.24,93,51,1.14,KR,1634594840
Rocha,-34.4833,-54.3333,51.13,86,11,5.5,UY,1634594606
Macklin,52.3334,-109.9348,44.02,58,50,15.19,CA,1634594840
Tahe,52.3333,124.7333,18.32,79,70,3.96,CN,1634594841
Piaçabuçu,-10.4056,-36.4344,77.32,79,99,9.84,BR,1634594841
Bichura,50.5881,107.6022,28.58,76,0,1.95,RU,1634594841
Ialibu,-6.2821,143.9935,59.43,94,100,1.88,PG,1634594842
Alice Springs,-23.7,133.8833,85.55,17,84,0.0,AU,1634594842
Egvekinot,66.3167,-179.1667,17.06,93,100,17.78,RU,1634594842
Hambantota,6.1241,81.1185,77.34,100,0,3.44,LK,1634594771
Havelock,34.8791,-76.9013,69.98,49,0,1.99,US,1634594843
Torbay,47.6666,-52.7314,45.57,94,90,17.27,CA,1634594733
Clyde River,70.4692,-68.5914,29.48,84,100,15.9,CA,1634594843
Kaélé,10.1092,14.4508,82.18,53,96,6.85,CM,1634594844
North Bend,43.4065,-124.2243,58.95,72,1,5.75,US,1634594844
Baiyin,36.5583,104.2081,47.84,40,100,2.62,CN,1634594845
Port Moresby,-9.4431,147.1797,80.08,78,85,2.13,PG,1634594845
Dingle,10.9995,122.6711,76.6,94,59,6.71,PH,1634594845
Assiut,27.181,31.1837,72.36,44,2,8.68,EG,1634594846
Coyhaique,-45.5752,-72.0662,55.35,62,75,8.05,CL,1634594846
Cidreira,-30.1811,-50.2056,60.93,74,50,7.56,BR,1634594846
Mawlaik,23.6333,94.4167,72.41,99,100,0.89,MM,1634594847
Nantucket,41.2835,-70.0995,59.11,49,1,11.5,US,1634594847
Hualmay,-11.0964,-77.6139,65.14,80,57,10.11,PE,1634594574
Goderich,43.7501,-81.7165,55.9,61,8,13.58,CA,1634594847
Acapulco de Juárez,16.8634,-99.8901,84.02,74,90,8.05,MX,1634594848
Sheridan,44.8333,-106.9173,71.98,19,1,4.61,US,1634594848
Lorengau,-2.0226,147.2712,84.72,70,41,10.65,PG,1634594849
Oriximiná,-1.7656,-55.8661,79.11,80,87,3.87,BR,1634594849
NEDJO,9.5046,35.5019,57.9,80,5,3.18,ET,1634594849
Buluang,13.3068,123.3425,76.8,93,99,3.65,PH,1634594850
Nānākuli,21.3906,-158.1547,84.15,54,20,12.66,US,1634594850
Chui,-33.6971,-53.4616,55.98,88,27,7.38,UY,1634594610
Lüderitz,-26.6481,15.1594,71.44,26,83,14.14,NA,1634594850
Poum,-20.2333,164.0167,76.24,82,99,13.31,NC,1634594851
Gijang,35.2442,129.2139,55.31,50,96,4.92,KR,1634594851
Longyearbyen,78.2186,15.6401,17.44,73,0,8.05,SJ,1634594851
Saint-Philippe,-21.3585,55.7679,71.19,78,42,10.92,RE,1634594852
Galt,38.2546,-121.3,67.53,48,98,4.0,US,1634594645
Mitú,1.1983,-70.1733,80.65,73,97,2.3,CO,1634594736
Vostok,46.4856,135.8833,18.01,99,95,1.21,RU,1634594618
Beringovskiy,63.05,179.3167,34.48,92,49,9.04,RU,1634594610
Khatanga,71.9667,102.5,31.68,98,100,9.91,RU,1634594853
Marathon,44.9,-89.7668,71.13,35,1,6.91,US,1634594853
Sungai Penuh,-2.0833,101.3833,64.47,98,100,0.96,ID,1634594853
Inuvik,68.3499,-133.7218,23.76,93,90,4.61,CA,1634594854
Kindu,-2.95,25.95,71.71,98,100,3.6,CD,1634594854
Severo-Kuril'sk,50.6789,156.125,37.81,78,89,16.71,RU,1634594854
Yatou,37.15,122.3833,51.55,62,53,19.89,CN,1634594855
Katangli,51.7102,143.2326,21.02,90,60,7.78,RU,1634594855
Dakar,14.6937,-17.4441,81.48,79,68,10.04,SN,1634594855
Norman Wells,65.282,-126.8329,24.84,93,75,4.61,CA,1634594856
San Miguel de Tucumán,-26.8241,-65.2226,73.4,38,94,6.91,AR,1634594856
Honiara,-9.4333,159.95,83.64,74,3,1.63,SB,1634594857
Hokitika,-42.7167,170.9667,54.68,80,100,10.13,NZ,1634594857
Xicoténcatl,23.0167,-98.8833,85.71,50,4,4.03,MX,1634594857
Arman',59.7,150.1667,12.29,49,2,9.22,RU,1634594858
Winslow,35.0242,-110.6974,69.98,30,1,8.01,US,1634594858
Nordhausen,51.5167,10.8,50.07,98,100,3.65,DE,1634594858
La Ronge,55.1001,-105.2842,41.22,70,75,10.36,CA,1634594859
Geraldton,-28.7667,114.6,61.21,94,75,17.27,AU,1634594859
Saint-Joseph,-21.3667,55.6167,70.18,77,19,5.82,RE,1634594859
Smithers,54.7804,-127.1743,43.34,60,100,4.09,CA,1634594860
Fontem,5.4685,9.8818,66.67,96,100,1.19,CM,1634594860
Upernavik,72.7868,-56.1549,28.2,48,100,7.78,GL,1634594861
Nouakchott,18.0858,-15.9785,82.33,35,65,12.93,MR,1634594861
Yumen,40.2833,97.2,43.11,27,100,12.17,CN,1634594565
New Norfolk,-42.7826,147.0587,50.67,70,74,1.99,AU,1634594862
Karratha,-20.7377,116.8463,74.14,78,46,9.53,AU,1634594862
Corinth,37.9407,22.9573,64.76,82,14,3.18,GR,1634594863
Chernyshevskiy,63.0128,112.4714,32.02,95,100,8.3,RU,1634594863
Pangkalanbuun,-2.6833,111.6167,74.34,97,98,2.39,ID,1634594603
Aksaray,38.3726,34.0254,51.39,61,94,2.19,TR,1634594864
Mikhaylovka,50.06,43.2379,44.89,57,98,7.0,RU,1634594864
Custoias,41.1053,-7.321,64.18,66,99,3.56,PT,1634594864
Lincoln,40.8,-96.667,76.44,29,1,4.0,US,1634594821
Ponta Delgada,37.7333,-25.6667,70.52,78,20,10.36,PT,1634594571
Necochea,-38.5473,-58.7368,61.03,77,3,10.98,AR,1634594865
Merritt,50.1123,-120.7942,54.45,63,99,3.02,CA,1634594756
Faanui,-16.4833,-151.75,80.13,78,99,15.79,PF,1634594866
Kita,13.0349,-9.4895,79.86,24,9,1.45,ML,1634594866
Chokurdakh,70.6333,147.9167,-14.93,100,93,4.92,RU,1634594866
Nishihara,26.1842,127.7558,74.48,78,40,6.91,JP,1634594867
Baker City,44.7749,-117.8344,64.15,41,1,26.46,US,1634594867
Puerto Ayora,-0.7393,-90.3518,80.56,80,74,10.87,EC,1634594867
Avera,33.194,-82.5271,73.27,44,20,1.83,US,1634594868
Ola,59.5833,151.2833,12.94,52,0,9.17,RU,1634594868
Calabozo,8.9242,-67.4293,80.62,80,75,4.63,VE,1634594868
Ancud,-41.8697,-73.8203,63.93,83,15,6.91,CL,1634594869
Nautla,20.2167,-96.7833,77.47,72,100,7.78,MX,1634594869
Sant Julià de Loria,42.4625,1.4825,56.34,75,92,1.79,AD,1634594869
Canela,-29.3656,-50.8156,56.88,91,49,1.99,BR,1634594870
Sitka,57.0531,-135.33,49.89,46,75,19.57,US,1634594870
Salalah,17.0151,54.0924,77.09,78,20,3.44,OM,1634594870
Cassilândia,-19.1133,-51.7342,72.46,92,63,3.98,BR,1634594871
Roald,62.5833,6.1333,46.17,57,90,12.66,NO,1634594871
Sistranda,63.7256,8.834,40.89,66,100,25.26,NO,1634594871
Namatanai,-3.6667,152.4333,83.91,67,8,9.84,PG,1634594872
Shimoda,34.6667,138.95,55.51,91,100,17.49,JP,1634594872
Kristiansund,63.1115,7.732,39.85,60,90,6.91,NO,1634594872
Atar,20.5169,-13.0499,91.18,11,100,4.94,MR,1634594873
Hirara,24.8,125.2833,73.67,83,75,4.61,JP,1634594873
Muros,42.7762,-9.0603,66.24,90,28,7.85,ES,1634594873
Iqaluit,63.7506,-68.5145,34.7,87,100,18.99,CA,1634594874
Kachīry,53.0675,76.1036,43.99,74,87,6.49,KZ,1634594874
Bauchi,10.5,10.0,77.02,68,100,4.5,NG,1634594707
Akhisar,38.9185,27.8401,56.17,87,3,6.26,TR,1634594874
Pingyin,36.2831,116.4453,48.42,83,69,8.03,CN,1634594875
São José da Coroa Grande,-8.8978,-35.1478,77.4,81,100,7.23,BR,1634594875
Khanbari,27.3747,87.2039,67.17,97,100,1.52,NP,1634594876
Eureka,40.8021,-124.1637,62.67,72,72,5.01,US,1634594607
Rio de Janeiro,-22.9028,-43.2075,69.91,98,90,9.22,BR,1634594859
Soure,-0.7167,-48.5233,82.18,76,39,12.1,BR,1634594876
Masunga,-20.6246,27.4488,54.75,87,100,18.21,BW,1634594876
Raudeberg,61.9875,5.1352,44.87,59,100,11.32,NO,1634594877
Carnarvon,-24.8667,113.6333,68.07,83,75,28.77,AU,1634594661
Henties Bay,-22.116,14.2845,58.86,72,100,7.4,NA,1634594877
Biak,-0.9131,122.8766,76.41,85,68,2.1,ID,1634594877
Olafsvik,64.8945,-23.7142,40.33,91,100,40.13,IS,1634594878
São Francisco,-15.9486,-44.8644,73.9,81,94,7.52,BR,1634594663
Port Elizabeth,-33.918,25.5701,50.09,70,1,5.14,ZA,1634594862
Portland,45.5234,-122.6762,60.84,64,75,1.01,US,1634594648
Bridgton,44.0548,-70.7128,51.15,78,96,6.29,US,1634594878
Kruisfontein,-34.0033,24.7314,47.88,69,0,5.32,ZA,1634594879
Corredor,8.64,-82.946,80.24,95,100,2.19,CR,1634594879
Te Anau,-45.4167,167.7167,51.93,72,99,6.35,NZ,1634594670
Hasaki,35.7333,140.8333,55.8,73,100,13.78,JP,1634594681
Imbituba,-28.24,-48.6703,64.81,79,100,3.53,BR,1634594880
Benghazi,32.1167,20.0667,72.79,54,100,8.79,LY,1634594880
Vila Velha,-20.3297,-40.2925,75.15,88,90,5.75,BR,1634594880
Mehamn,71.0357,27.8492,33.75,62,100,22.57,NO,1634594881
Boca do Acre,-8.7522,-67.3978,81.66,64,64,2.51,BR,1634594881
Lindi,-10.0,39.7167,73.06,92,59,3.76,TZ,1634594882
Jiblah,13.9216,44.1467,62.44,61,3,2.77,YE,1634594883
Marfino,55.7028,37.3822,36.95,82,0,8.95,RU,1634594883
Nanortalik,60.1432,-45.2371,31.59,60,85,14.58,GL,1634594883
Nikolayevka,53.1257,47.2041,43.83,68,100,8.75,RU,1634594884
Lavrentiya,65.5833,-171.0,26.98,71,100,12.21,RU,1634594884
Jiayuguan City,39.8167,98.3,41.5,30,100,1.99,CN,1634594884
Ormara,25.2088,64.6357,80.8,38,4,6.87,PK,1634594885
Margate,51.3813,1.3862,61.88,93,100,3.0,GB,1634594885
La Macarena,2.1837,-73.7849,83.35,68,40,4.03,CO,1634594885
Wanning,18.8003,110.3967,77.59,91,86,8.72,CN,1634594886
San Antonio,29.4241,-98.4936,80.91,45,1,9.22,US,1634594669
Annonay,45.2397,4.6708,55.53,76,99,3.96,FR,1634594886
Kuytun,54.3419,101.5036,25.81,92,16,3.27,RU,1634594887
Kaluzhskaya Oblast’,54.5,35.5,35.11,89,13,9.64,RU,1634594887
Bāgeshwar,29.85,79.7667,62.55,100,100,2.24,IN,1634594887
Cap Malheureux,-19.9842,57.6142,74.46,77,47,8.01,MU,1634594888
Naze,28.3667,129.4833,68.92,85,97,10.69,JP,1634594888
Celestún,20.8667,-90.4,82.36,73,95,10.94,MX,1634594888
Khātegaon,22.6,76.9167,72.59,90,7,4.76,IN,1634594889
Suntar,62.1444,117.6319,34.18,89,100,8.1,RU,1634594889
Mackay,-21.15,149.2,79.05,76,4,7.02,AU,1634594889
Bagdarin,54.4333,113.6,20.93,77,73,3.29,RU,1634594890
The Valley,18.217,-63.0578,84.06,83,40,1.14,AI,1634594729
Kendari,-3.945,122.4989,76.8,89,71,2.21,ID,1634594890
Batagay-Alyta,67.8006,130.4114,1.87,84,100,1.79,RU,1634594891
Itoman,26.1247,127.6694,75.22,78,40,6.91,JP,1634594891
Lagos,6.5833,3.75,75.47,91,99,2.53,NG,1634594891
Yeppoon,-23.1333,150.7333,74.98,84,41,2.73,AU,1634594892
Port-Gentil,-0.7193,8.7815,78.22,84,100,14.14,GA,1634594892
Apac,1.9756,32.5386,65.52,97,71,3.0,UG,1634594892
Luleå,65.5842,22.1547,28.47,86,0,9.22,SE,1634594893
Constitución,-35.3333,-72.4167,62.35,66,7,13.71,CL,1634594893
Klaksvík,62.2266,-6.589,52.72,98,100,26.91,FO,1634594893
Caniço,32.6333,-16.85,77.72,61,20,0.0,PT,1634594894
Isangel,-19.55,169.2667,76.41,83,100,6.53,VU,1634594894
Pedreira,-22.7419,-46.9014,65.07,88,86,13.85,BR,1634594895
Tutóia,-2.7619,-42.2744,81.03,81,31,13.53,BR,1634594895
Kolosovka,56.4678,73.611,43.9,78,100,8.12,RU,1634594895
Deputatsky,69.3,139.9,-16.46,99,38,4.45,RU,1634594896
Flin Flon,54.7682,-101.865,39.72,74,94,16.13,CA,1634594661
Makokou,0.5738,12.8642,69.82,98,100,3.04,GA,1634594896
São Filipe,14.8961,-24.4956,80.08,72,2,10.07,CV,1634594897
Chara,56.9064,118.2631,22.71,65,90,5.46,RU,1634594897
Ipuã,-20.4381,-48.0122,70.03,88,99,2.75,BR,1634594897
Okhotsk,59.3833,143.3,9.46,71,0,16.84,RU,1634594898
Leningradskiy,69.3833,178.4167,8.29,88,100,4.16,RU,1634594898
Keti Bandar,24.1447,67.4497,79.48,58,0,12.91,PK,1634594898
Nioro,13.35,-15.75,80.1,77,100,5.68,GM,1634594899
Santa Rosa,14.3122,121.1114,78.12,89,36,5.97,PH,1634594899
Ribeira Grande,38.5167,-28.7,69.37,71,16,19.6,PT,1634594899
Fairbanks,64.8378,-147.7164,35.82,62,40,4.61,US,1634594703
Pāveh,35.0434,46.3565,49.28,77,0,3.27,IR,1634594900
Kieta,-6.2167,155.6333,84.02,70,39,3.74,PG,1634594900
Fortuna,40.5982,-124.1573,62.42,67,1,5.01,US,1634594901
Vardø,70.3705,31.1107,28.6,61,99,26.96,NO,1634594901
Launceston,-41.45,147.1667,52.81,71,90,21.85,AU,1634594901
Mata,40.683,-7.4592,63.63,81,100,1.83,PT,1634594902
Tazmalt,36.3868,4.3989,59.81,82,0,4.34,DZ,1634594902
Horishni Plavni,49.0097,33.6455,45.09,77,60,7.05,UA,1634594903
Nador,35.174,-2.9287,66.45,88,0,3.44,MA,1634594903
Copiapó,-27.3667,-70.3333,55.09,34,0,6.51,CL,1634594755
Manuk Mangkaw,4.8,119.85,83.12,75,100,4.7,PH,1634594903
Sydney,-33.8679,151.2073,73.8,56,0,4.61,AU,1634594777
Samarai,-10.6167,150.6667,82.4,76,81,6.64,PG,1634594904
Kushmurun,52.4503,64.6311,47.73,49,93,8.81,KZ,1634594904
Muborak,39.2553,65.1528,56.23,19,0,3.67,UZ,1634594904
Mount Gambier,-37.8333,140.7667,53.47,71,28,5.95,AU,1634594905
Ciudad Bolivar,8.1222,-63.5497,87.98,50,51,3.44,VE,1634594905
Dhrāngadhra,22.9833,71.4667,75.85,63,82,12.35,IN,1634594905
Pinega,64.7001,43.3936,34.59,98,100,5.68,RU,1634594906
Kailua,21.4022,-157.7394,84.18,62,75,13.8,US,1634594906
Waddān,29.1614,16.139,71.06,42,100,25.7,LY,1634594907
Marsh Harbour,26.5412,-77.0636,77.67,59,60,16.02,BS,1634594732
Santa Cecília,-26.9608,-50.4269,51.1,98,100,2.95,BR,1634594907
Németkér,46.7164,18.7631,45.3,75,6,3.38,HU,1634594907
Izhmorskiy,56.194,86.6414,33.94,90,26,7.38,RU,1634594908
Southbridge,42.0751,-72.0334,54.43,68,79,10.31,US,1634594908
Ratnagiri,16.9833,73.3,76.5,81,5,3.02,IN,1634594908
Tigre,-34.426,-58.5796,65.28,69,0,13.8,AR,1634594909
Miles City,46.4083,-105.8406,73.51,24,1,10.36,US,1634594909
Ambilobe,-13.2,49.05,68.79,73,47,6.42,MG,1634594910
Waslala,13.2333,-85.3833,77.76,93,64,3.13,NI,1634594790
Solano,38.2333,-121.9511,67.87,49,75,4.61,US,1634594910
Omboué,-1.5746,9.2618,76.69,84,100,8.23,GA,1634594911
Krasnosel'kup,65.7,82.4667,36.95,97,100,15.84,RU,1634594613
Christchurch,-43.5333,172.6333,66.94,40,75,8.99,NZ,1634594911
Canapi,-9.1174,-37.6012,81.3,51,99,15.35,BR,1634594911
Grivenskaya,45.6473,38.176,49.51,75,8,6.53,RU,1634594912
Plettenberg Bay,-34.0527,23.3716,51.96,72,0,3.67,ZA,1634594912
Khoy,38.5504,44.9535,55.02,58,48,0.67,IR,1634594913
Trabzon Province,40.9167,39.8333,57.29,77,75,5.75,TR,1634594887
Bereda,43.2686,-7.5406,62.35,87,58,1.39,ES,1634594913
Hlotse,-28.8718,28.045,47.32,28,0,2.62,LS,1634594914
Usinsk,65.9939,57.5281,35.33,81,100,14.32,RU,1634594914
Aldan,58.6031,125.3894,24.78,95,100,12.64,RU,1634594914
Gigmoto,13.7796,124.39,79.81,87,99,6.2,PH,1634594915
Zhezkazgan,47.8043,67.7144,44.49,36,7,8.7,KZ,1634594915
Aklavik,68.2191,-135.0107,23.72,75,100,1.43,CA,1634594915
Los Llanos de Aridane,28.6585,-17.9182,74.95,27,0,6.91,ES,1634594916
Batemans Bay,-35.7167,150.1833,61.2,93,96,8.68,AU,1634594916
Bhainsa,26.9548,76.9012,68.74,92,16,4.45,IN,1634594916
Behat,30.1667,77.6167,63.55,83,0,4.5,IN,1634594917
Narsaq,60.9167,-46.05,32.22,39,74,2.93,GL,1634594917
Tomatlán,19.9333,-105.25,88.03,68,4,10.36,MX,1634594917
Dawei,14.0833,98.2,72.46,90,99,4.56,MM,1634594918
Miragoâne,18.4423,-73.0876,82.96,72,97,2.64,HT,1634594918
Chāmpua,22.0833,85.6667,72.23,96,96,5.41,IN,1634594918
Alamogordo,32.8995,-105.9603,81.95,28,1,8.01,US,1634594919
Senanga,-16.1167,23.2667,76.24,31,88,3.42,ZM,1634594919
La Ciotat,43.1748,5.6045,61.81,76,73,1.74,FR,1634594919
Erzin,36.9559,36.2,65.12,79,82,2.73,TR,1634594920
Elmina,5.0898,-1.348,77.65,88,99,9.71,GH,1634594920
Vestmannaeyjar,63.4427,-20.2734,47.7,81,100,15.7,IS,1634594920
Kirakira,-10.4544,161.9205,83.66,74,75,5.86,SB,1634594646
Sioux Lookout,50.1001,-91.917,62.31,52,7,7.81,CA,1634594921
Beyşehir,37.6773,31.7246,50.31,68,66,4.85,TR,1634594921
Nha Trang,12.25,109.1833,78.8,92,100,4.41,VN,1634594921
Aksarka,66.5606,67.7975,32.22,93,26,10.4,RU,1634594922
Saint-Pierre,-21.3393,55.4781,71.28,70,0,5.75,RE,1634594404
Tevriz,57.509,72.4042,42.37,80,100,5.1,RU,1634594922
Santo Augusto,-27.8508,-53.7772,61.83,77,6,8.48,BR,1634594923
Tacuarembó,-31.7333,-55.9833,60.4,76,0,6.33,UY,1634594923
Porto Santo,33.072,-16.3415,75.31,94,20,5.75,PT,1634594923
Pisco,-13.7,-76.2167,66.02,77,0,6.91,PE,1634594924
Soller,39.7662,2.7152,67.62,88,91,3.27,ES,1634594924
Santa Maria,-29.6842,-53.8069,61.05,76,36,4.03,BR,1634594924
Abalak,58.1286,68.5944,42.44,78,99,6.44,RU,1634594925
Şile,41.1754,29.6133,56.57,73,38,10.18,TR,1634594925
Yaya,56.206,86.44,34.75,91,29,7.38,RU,1634594925
Korla,41.7597,86.1469,51.84,30,85,6.69,CN,1634594926
Karatau,43.1667,70.4667,45.07,51,0,0.2,KZ,1634594926
Amos,48.5669,-78.1162,38.16,81,100,6.93,CA,1634594926
Tabas,33.5959,56.9244,70.74,16,0,0.83,IR,1634594927
Aguascalientes,21.8833,-102.3,80.55,28,40,2.3,MX,1634594628
Verkhnevilyuysk,63.4453,120.3167,27.63,95,100,4.85,RU,1634594927
Tangzhai,34.4328,116.5911,52.23,69,100,6.4,CN,1634594927
Mount Isa,-20.7333,139.5,83.97,30,17,3.44,AU,1634594928
Pacific Grove,36.6177,-121.9166,65.57,67,1,10.0,US,1634594704
Koungheul,13.9833,-14.8,83.34,54,99,5.97,SN,1634594928
Cabra,37.4725,-4.4421,72.39,56,92,4.03,ES,1634594929
Les Cayes,18.2,-73.75,82.45,78,100,2.48,HT,1634594929
Kilindoni,-7.9139,39.6668,77.41,82,47,12.39,TZ,1634594929
Wailuku,20.8911,-156.5047,85.15,64,20,14.0,US,1634594930
Ulladulla,-35.35,150.4667,61.88,93,91,11.39,AU,1634594930
Tiruchchendur,8.4833,78.1167,80.4,75,87,5.21,IN,1634594931
Ranong,9.9658,98.6348,76.87,91,100,4.85,TH,1634594931
Emba,48.8264,58.1442,48.87,29,100,7.83,KZ,1634594931
Mahon,39.8885,4.2658,64.96,72,0,3.44,ES,1634594932
Lithakia,37.7167,20.8333,62.58,70,13,2.75,GR,1634594932
Shanghai,31.2222,121.4581,64.89,79,0,6.71,CN,1634594699
Saquena,-4.6667,-73.5167,84.83,64,47,3.53,PE,1634594932
Saint Lawrence,36.0553,14.204,64.85,80,2,6.71,MT,1634594933
Vanavara,60.34,102.2797,29.68,96,100,5.03,RU,1634594933
Carbonear,47.7332,-53.2148,46.42,85,100,17.29,CA,1634594933
San Fernando del Valle de Catamarca,-28.4696,-65.7852,74.77,35,48,8.88,AR,1634594934
Pathein,16.7833,94.7333,74.43,93,99,5.95,MM,1634594934
Mazagão,-0.115,-51.2894,87.85,72,51,5.73,BR,1634594934
Anchorage,61.2181,-149.9003,46.85,73,100,1.99,US,1634594400
Hoa Binh,20.8133,105.3383,67.89,95,100,2.62,VN,1634594935
Boone,39.0334,-92.3335,75.79,40,0,1.01,US,1634594935
Bundaberg,-24.85,152.35,70.09,73,22,5.75,AU,1634594936
Tegul'det,57.3064,88.1667,32.77,95,53,5.26,RU,1634594936
Rio Grande,-32.035,-52.0986,61.95,70,0,7.47,BR,1634594936
Tripoli,32.8752,13.1875,72.27,61,73,12.21,LY,1634594641
Bonthe,7.5264,-12.505,78.94,85,39,6.96,SL,1634594937
Bathsheba,13.2167,-59.5167,81.21,83,20,5.75,BB,1634594937
Mineiros,-17.5694,-52.5511,73.54,78,95,5.32,BR,1634594937
Kargasok,59.0556,80.8572,37.09,89,91,7.67,RU,1634594938
Balsas,-7.5325,-46.0356,81.9,59,78,4.34,BR,1634594938
Buenos Aires,-34.6132,-58.3772,65.01,67,0,17.27,AR,1634594865
Bursa,40.1667,29.0833,50.04,87,43,3.31,TR,1634594939
Camaná,-16.6228,-72.7111,64.49,79,88,7.34,PE,1634594939
Hamadan,34.7992,48.5146,52.5,37,0,6.58,IR,1634594939
Fazendas de Almeirim,39.1755,-8.5693,72.09,81,75,3.51,PT,1634594940
Nouadhibou,20.931,-17.0347,70.29,84,3,15.41,MR,1634594940
Riyadh,24.6877,46.7219,73.54,20,2,3.87,SA,1634594940
Lukang,24.0567,120.4352,73.06,79,6,13.62,TW,1634594941
Lagoa,39.05,-27.9833,68.2,72,2,22.41,PT,1634594657
Freeport,40.6576,-73.5832,57.16,54,1,5.99,US,1634594904
Great Falls,47.5002,-111.3008,59.41,37,1,5.99,US,1634594722
Ondangwa,-17.9167,15.95,75.9,13,63,8.34,NA,1634594941
Mayo,38.8876,-76.5119,66.74,48,20,5.99,US,1634594942
Sangar,63.9242,127.4739,9.95,86,97,7.65,RU,1634594943
Devils Lake,48.1128,-98.8651,73.38,41,1,7.0,US,1634594772
Alyangula,-13.8483,136.4192,82.2,73,91,6.78,AU,1634594943
Verāval,20.9,70.3667,78.55,71,20,10.83,IN,1634594944
Stary Krym,45.0333,35.1,44.29,62,8,11.1,UA,1634594944
Piteå,65.3172,21.4794,28.49,91,51,4.97,SE,1634594945
Shingū,33.7333,135.9833,60.51,94,100,8.95,JP,1634594945
Kirkuk,35.4681,44.3922,69.55,48,5,3.0,IQ,1634594945
Soe,-9.8607,124.284,70.05,83,82,1.74,ID,1634594946
Río Gallegos,-51.6226,-69.2181,59.05,26,20,27.63,AR,1634594946
Nizwá,22.9333,57.5333,80.82,22,4,2.91,OM,1634594946
Talnakh,69.4865,88.3972,33.33,98,100,17.18,RU,1634594947
Kichera,55.9375,110.0997,23.13,73,80,1.74,RU,1634594947
Buchanan,5.8808,-10.0467,77.88,86,42,7.09,LR,1634594720
Buala,-8.145,159.5921,83.89,70,4,3.02,SB,1634594948
Agnibilékrou,7.1344,-3.2047,72.55,98,100,4.14,CI,1634594948
Meulaboh,4.1363,96.1285,77.49,85,99,2.64,ID,1634594948
Puksoozero,62.5903,40.6066,33.93,98,100,5.55,RU,1634594949
Garoua Boulaï,5.8833,14.55,64.69,93,89,3.24,CM,1634594949
Troitskoye,52.9821,84.6757,36.32,70,7,3.29,RU,1634594949
Rabo de Peixe,37.8,-25.5833,69.31,78,20,10.36,PT,1634594950
Carauari,-4.8828,-66.8958,76.3,95,96,1.16,BR,1634594950
Kodinsk,58.6881,99.1844,32.67,93,100,3.6,RU,1634594951
Fort Nelson,58.8053,-122.7002,41.72,41,100,5.19,CA,1634594951
Ushtobe,45.2514,77.9838,45.93,47,0,7.63,KZ,1634594951
Massakory,12.996,15.7293,87.04,33,96,4.36,TD,1634594952
Lere,10.387,8.5726,71.29,87,100,1.14,NG,1634594952
Severnyy,50.677,36.5532,42.84,87,75,11.18,RU,1634594952
Souillac,-20.5167,57.5167,74.35,74,26,10.85,MU,1634594953
Brae,60.3964,-1.353,53.51,95,100,20.92,GB,1634594953
Mahibadhoo,3.7833,72.9667,81.72,74,94,14.09,MV,1634594953
Contamana,-7.3333,-75.0167,90.09,45,85,3.4,PE,1634594954
Lubao,14.9167,120.55,78.15,87,39,3.85,PH,1634594954
Tocopilla,-22.092,-70.1979,66.02,63,91,8.86,CL,1634594954
Ayagoz,47.9714,80.4392,37.98,59,0,10.4,KZ,1634594955
Shenjiamen,29.9576,122.298,64.35,80,100,13.35,CN,1634594955
Los Dos Caminos,10.4939,-66.8286,79.92,76,72,0.74,VE,1634594956
Diego de Almagro,-26.3667,-70.05,73.47,14,0,8.05,CL,1634594956
Irituia,-1.7711,-47.4381,82.47,61,97,5.28,BR,1634594956
Coquimbo,-29.9533,-71.3436,60.39,75,8,4.05,CL,1634594880
Kavieng,-2.5744,150.7967,84.42,72,17,13.91,PG,1634594957
Vrangel',42.7297,133.0839,40.39,80,100,13.87,RU,1634594957
Bilibino,68.0546,166.4372,5.29,94,100,7.52,RU,1634594958
San Cristobal,7.7669,-72.225,78.98,66,75,3.96,VE,1634594958
Zhigansk,66.7697,123.3711,16.41,94,100,13.4,RU,1634594958
Atambua,-9.1061,124.8925,77.09,83,96,1.83,ID,1634594959
América Dourada,-11.4553,-41.4361,81.64,31,93,8.9,BR,1634594959
Pangai,-19.8,-174.35,75.47,75,73,21.07,TO,1634594959
Chicama,-7.8447,-79.1469,59.54,70,96,7.99,PE,1634594960
Manggar,-2.8833,108.2667,78.62,85,100,4.18,ID,1634594838
Nushki,29.5542,66.0215,56.19,14,0,2.59,PK,1634594960
Cabinda,-5.55,12.2,76.05,83,95,8.21,AO,1634594664
Hofn,64.2539,-15.2082,42.01,93,100,22.59,IS,1634594961
Charlottesville,38.0293,-78.4767,68.41,45,0,1.99,US,1634594730
Eskhar,49.7987,36.5883,44.98,74,99,7.23,UA,1634594961
Agua Blanca,14.5,-89.65,84.87,66,96,6.42,GT,1634594962
Taldan,53.6667,124.8,21.36,63,93,3.18,RU,1634594962
Bogorodskoye,56.55,37.8833,36.86,91,98,11.32,RU,1634594962
Sibu,2.3,111.8167,73.24,99,73,0.98,MY,1634594963
Orange,33.7,-117.7675,70.5,63,40,3.0,US,1634594906
Kahului,20.8947,-156.47,86.02,64,20,20.71,US,1634594793
Catuday,16.2923,119.8062,78.35,78,51,9.13,PH,1634594963
Rivadavia,-33.1905,-68.4608,76.55,14,0,11.14,AR,1634594964
Pilar,-9.5972,-35.9567,76.93,82,98,7.0,BR,1634594743
Tautira,-17.7333,-149.15,86.02,78,100,19.44,PF,1634594964
San Patricio,28.017,-97.5169,82.49,50,8,11.34,US,1634594965
Makkah al Mukarramah,21.4267,39.8261,85.1,38,2,2.06,SA,1634594965
Katima Mulilo,-17.5,24.2667,74.89,50,66,14.45,NA,1634594965
Bubaque,11.2833,-15.8333,83.44,73,24,12.46,GW,1634594966
Tanete,-3.9443,119.7848,75.31,93,76,1.88,ID,1634594966
Chegdomyn,51.1167,133.0167,16.95,65,4,2.77,RU,1634594966
Baharly,38.4362,57.4316,61.84,61,76,4.38,TM,1634594967
Esperance,-33.8667,121.9,63.45,63,100,10.02,AU,1634594967
Marawi,7.9986,124.2928,67.64,92,76,2.26,PH,1634594967
Khuzdar,27.7384,66.6434,60.71,11,0,5.06,PK,1634594968
Mehrān,33.1222,46.1646,63.88,36,0,9.33,IR,1634594968
Concordia,-31.393,-58.0209,73.47,49,20,3.44,AR,1634594968
Ginda,30.6945,78.4932,56.26,83,82,3.42,IN,1634594969
Ulaangom,49.9811,92.0667,32.5,65,60,1.86,MN,1634594969
Skjervøy,70.0311,20.9714,36.63,57,100,15.08,NO,1634594969
Caravelas,-17.7125,-39.2481,75.61,85,20,8.03,BR,1634594970
Borogontsy,62.6683,131.1683,8.82,93,97,5.77,RU,1634594970
